eval_acc,eval_parse_rate,eval_reward,step,gpu_hours,cpu_load_1m,cpu_rss_gb,gpu_memory_allocated_gb,gpu_memory_reserved_gb,gpu_memory_peak_gb
0.11,1.0,0.1990000000000002,100,0.15760606759124332,1.0,0.0018737874925136566,6.315505504608154,41.16015625,12.696959972381592
