eval_acc,eval_parse_rate,eval_reward,step,gpu_hours,cpu_load_1m,cpu_rss_gb,gpu_memory_allocated_gb,gpu_memory_reserved_gb,gpu_memory_peak_gb
0.09,1.0,0.1809999999999997,100,0.1355910521745681,1.0,0.0019840411841869,4.5776896476745605,40.13671875,14.08763837814331
0.09,1.0,0.18099999999999977,100,0.13327385365962982,1.0,0.0019175633788108826,4.5776896476745605,40.13671875,14.08763837814331
